{
  "tercile_bounds_px2_at_640": [
    179.60215737499448,
    242.89281123719394
  ],
  "arms": {
    "baseline": {
      "tp": 274,
      "fp": 376,
      "fn": 84,
      "recall": 0.7653631284916201,
      "precision": 0.42153846153846153,
      "mean_seconds_per_image": 0.1865192924998458,
      "recall_by_class": {
        "missing_hole": 0.9833333333333333,
        "mouse_bite": 0.9,
        "open_circuit": 0.7288135593220338,
        "short": 0.6101694915254238,
        "spur": 0.75,
        "spurious_copper": 0.6166666666666667
      },
      "recall_by_area_bucket": {
        "小 (bottom third)": 0.8,
        "中 (middle third)": 0.8487394957983193,
        "大 (top third)": 0.6470588235294118
      }
    },
    "sahi": {
      "tp": 277,
      "fp": 532,
      "fn": 81,
      "recall": 0.7737430167597765,
      "precision": 0.34239802224969096,
      "mean_seconds_per_image": 4.687541775833779,
      "recall_by_class": {
        "missing_hole": 0.9833333333333333,
        "mouse_bite": 0.9,
        "open_circuit": 0.7288135593220338,
        "short": 0.6101694915254238,
        "spur": 0.8,
        "spurious_copper": 0.6166666666666667
      },
      "recall_by_area_bucket": {
        "小 (bottom third)": 0.825,
        "中 (middle third)": 0.8487394957983193,
        "大 (top third)": 0.6470588235294118
      }
    },
    "hires_1280": {
      "tp": 275,
      "fp": 47,
      "fn": 83,
      "recall": 0.7681564245810056,
      "precision": 0.8540372670807453,
      "mean_seconds_per_image": 0.4166361308336491,
      "recall_by_class": {
        "missing_hole": 1.0,
        "mouse_bite": 0.9333333333333333,
        "open_circuit": 0.847457627118644,
        "short": 0.3728813559322034,
        "spur": 0.8666666666666667,
        "spurious_copper": 0.5833333333333334
      },
      "recall_by_area_bucket": {
        "小 (bottom third)": 0.925,
        "中 (middle third)": 0.8739495798319328,
        "大 (top third)": 0.5042016806722689
      }
    }
  }
}